IsCancel?,ReservationMonth,ChannelCode,TypeRoom,LeadTime,NumberRooms,NumNights,RoomRate
1,1,4,2,1,1,1,80
1,1,4,2,1,2,1,160
1,1,1,2,78,1,2,160
0,1,3,3,20,3,3,540
1,1,3,3,99,1,3,180
1,1,3,3,9,3,1,180
0,1,3,3,57,2,2,240
1,1,3,2,22,1,2,160
1,1,1,2,39,1,1,80
0,1,4,2,1,2,5,800
1,1,2,3,7,2,1,60
0,1,4,2,1,1,1,80
1,1,4,1,1,1,2,200
1,1,4,3,1,2,1,60
1,1,3,2,47,3,2,480
0,1,3,3,35,2,3,360
0,1,4,3,1,2,1,120
1,1,3,2,58,3,1,240
1,1,1,1,30,1,1,100
1,1,2,1,19,3,1,100
1,1,1,1,33,1,1,100
1,1,4,2,1,1,1,80
0,1,4,1,1,3,1,300
1,1,1,2,93,1,1,80
0,1,2,1,22,4,4,1600
0,1,3,2,35,2,3,480
1,1,3,4,25,2,2,480
1,1,4,2,1,2,4,640
1,1,1,3,61,1,5,300
0,1,4,3,1,1,1,60
1,1,1,3,47,1,1,60
1,1,4,3,1,1,3,180
0,1,3,2,89,3,3,720
0,1,1,1,30,3,1,300
1,1,1,3,27,2,1,60
1,1,1,1,50,1,4,400
0,1,4,3,1,2,1,120
0,1,2,3,81,4,1,240
0,1,1,4,98,1,2,240
1,1,3,3,91,1,1,60
1,1,4,3,1,1,2,120
0,1,3,2,100,3,2,480
1,1,1,2,37,2,1,160
1,1,4,1,1,1,2,200
0,1,3,1,26,3,5,1500
1,1,3,2,4,1,2,160
0,1,4,3,1,2,1,60
1,1,3,3,87,1,1,60
1,1,2,3,25,3,1,180
0,1,4,2,1,5,1,400
1,1,3,2,23,1,1,80
1,1,1,3,99,2,1,120
0,1,4,3,1,1,5,300
1,1,3,3,55,3,1,60
0,1,1,4,40,3,3,1080
0,1,4,4,1,2,3,720
1,1,2,3,33,1,1,60
1,1,4,2,1,3,1,80
1,1,4,2,1,1,1,80
0,1,3,3,51,1,3,180
1,1,3,2,73,2,2,320
1,1,3,3,100,1,2,120
1,1,1,2,94,2,1,80
0,1,1,2,2,5,1,400
1,1,4,2,1,1,5,400
0,1,4,2,1,1,1,80
1,1,2,2,61,1,1,80
0,1,2,2,17,4,3,960
1,1,4,3,1,1,1,60
1,1,4,2,1,1,1,80
0,1,1,3,2,2,1,120
1,1,4,1,1,3,4,1200
1,1,4,1,1,1,1,100
0,1,4,3,1,1,1,60
1,1,3,3,42,3,1,180
1,1,1,2,84,2,1,80
0,1,4,4,1,2,2,480
1,1,2,2,49,2,2,320
1,1,4,2,1,1,1,80
0,1,1,3,23,3,1,60
1,1,3,2,42,1,1,80
0,1,3,3,6,1,2,120
0,1,4,2,1,4,1,320
1,1,1,3,25,1,3,180
0,1,3,2,53,3,1,240
0,1,1,3,47,1,3,180
1,1,1,2,56,1,1,80
1,1,4,3,1,2,1,120
0,1,2,3,59,2,1,60
1,1,2,2,82,1,1,80
1,1,1,3,25,1,1,60
1,1,3,2,33,3,1,80
0,1,4,2,1,4,3,960
1,1,4,1,1,1,1,100
0,1,2,1,100,2,4,800
1,1,3,3,56,3,1,60
1,1,4,3,1,1,3,180
1,1,3,2,10,2,1,160
0,1,3,2,2,3,1,240
1,1,3,3,10,1,1,60
0,1,2,4,72,2,3,720
1,1,1,1,22,3,2,600
1,1,3,2,40,2,1,160
1,1,1,4,59,1,2,240
0,1,1,1,54,1,1,100
1,1,1,2,98,1,1,80
1,1,4,3,1,1,1,60
0,1,3,4,38,4,2,960
1,1,3,3,72,1,3,180
0,1,3,2,61,1,4,320
1,1,3,2,55,1,1,80
1,1,3,4,98,2,1,240
1,1,4,3,1,1,2,120
1,1,4,3,1,1,3,180
0,1,4,3,1,1,1,60
0,1,3,3,96,3,1,180
1,1,2,1,91,2,1,100
0,1,3,3,26,4,5,1200
0,1,3,4,64,1,1,120
1,1,4,3,1,1,1,60
1,1,4,2,1,2,1,160
0,1,3,4,89,1,3,360
1,1,2,3,82,1,1,60
0,1,1,3,5,3,5,900
1,1,3,2,4,2,1,80
1,1,3,3,26,1,1,60
0,2,4,1,1,3,1,100
1,2,1,2,2,1,1,80
0,2,3,2,100,1,2,160
1,2,1,2,7,2,3,480
1,2,3,2,16,3,1,240
1,2,3,1,23,4,2,800
1,2,3,3,100,1,1,60
1,2,2,1,3,1,1,100
0,2,4,1,1,1,1,100
1,2,3,2,55,1,1,80
1,2,4,2,1,2,1,80
0,2,4,3,1,1,1,60
0,2,1,3,23,2,1,120
0,2,1,2,22,2,1,160
1,2,3,3,33,1,6,360
1,2,1,2,97,3,1,80
1,2,1,3,99,1,6,360
0,2,3,2,36,3,1,240
1,2,3,1,44,1,1,100
0,2,1,3,64,1,3,180
0,2,4,3,1,1,1,60
1,2,3,3,61,1,1,60
1,2,4,1,1,2,5,1000
0,2,3,4,3,3,3,1080
1,2,1,3,50,1,2,120
0,2,4,2,1,1,2,160
1,2,3,3,56,3,1,180
0,2,4,2,1,1,1,80
1,2,4,2,1,3,1,80
0,2,2,2,63,5,4,1600
1,2,1,3,64,1,1,60
1,2,3,1,83,2,1,100
1,2,1,2,49,2,1,160
1,2,4,2,1,1,1,80
0,2,4,2,1,3,1,240
1,2,4,3,1,1,1,60
0,2,3,2,89,2,1,160
1,2,1,2,43,2,1,80
0,2,1,4,67,1,1,120
1,2,4,3,1,1,1,60
1,2,3,1,24,2,1,100
0,2,3,3,94,3,1,180
0,2,2,3,98,1,2,120
1,2,1,2,91,2,1,160
0,2,2,3,14,3,1,60
1,2,3,3,35,3,1,60
0,2,1,3,92,3,1,180
1,2,1,3,83,1,2,120
0,2,3,1,55,3,4,1200
1,2,4,3,1,1,1,60
1,2,1,1,99,3,3,900
0,2,1,2,83,1,1,80
1,2,4,3,1,2,2,240
1,2,3,1,36,1,1,100
1,2,3,3,92,1,1,60
0,2,3,1,46,1,1,100
1,2,4,3,1,1,1,60
1,2,4,3,1,1,3,180
0,2,1,2,41,1,4,320
1,2,4,3,1,1,2,120
0,2,3,2,83,2,2,320
1,2,3,3,96,1,3,180
0,2,2,1,59,3,1,300
1,2,1,2,8,2,1,80
1,2,4,3,1,1,1,60
1,2,3,4,71,3,1,360
1,2,1,1,55,3,1,300
1,2,1,2,82,2,1,80
0,2,2,3,4,1,2,120
0,2,2,3,88,1,3,180
1,2,1,3,88,2,1,120
1,2,3,3,96,3,1,180
1,2,4,3,1,1,1,60
1,2,3,3,69,1,1,60
0,2,2,2,88,4,4,1280
1,2,2,1,40,2,1,100
0,2,2,2,2,3,1,240
1,2,3,2,64,1,2,160
1,2,4,1,1,1,1,100
0,2,4,2,1,4,5,1600
1,2,1,3,32,2,2,240
0,2,4,2,1,1,1,80
1,2,3,3,32,2,1,60
1,2,1,2,53,1,1,80
0,2,4,2,1,1,1,80
1,2,3,1,23,1,1,100
0,2,1,3,84,2,3,360
1,2,4,3,1,1,3,180
1,2,2,3,98,1,3,180
1,2,2,3,78,2,3,360
0,2,4,2,1,1,3,240
0,2,2,1,59,1,1,100
1,2,3,2,83,1,2,160
1,2,3,2,11,3,2,480
1,2,4,1,1,5,3,1500
1,2,3,3,52,2,1,60
0,2,2,2,68,3,1,240
1,2,1,3,13,3,1,60
0,2,3,2,20,1,1,80
1,2,2,2,51,2,1,160
1,2,4,2,1,1,2,160
0,2,4,3,1,1,2,120
1,2,3,1,66,2,1,100
0,2,4,4,1,3,3,1080
1,2,2,2,25,1,3,240
0,2,1,1,39,1,1,100
1,2,1,1,69,1,1,100
0,2,4,2,1,3,1,240
1,2,4,3,1,1,2,120
1,2,4,2,1,1,1,80
0,2,2,1,26,4,2,800
1,2,4,2,1,2,1,160
1,2,4,1,1,2,1,100
1,2,3,1,55,3,1,100
0,2,3,1,77,1,1,100
1,2,3,1,6,3,1,300
1,2,4,2,1,1,1,80
1,2,3,3,78,3,1,60
0,2,3,3,18,4,4,960
0,2,1,3,24,1,1,60
0,2,1,1,31,2,1,200
0,2,3,3,65,1,1,60
1,2,3,1,84,3,1,100
1,2,1,1,8,1,1,100
0,2,4,3,1,2,1,120
1,2,1,2,48,2,1,80
0,2,1,4,32,4,1,480
1,2,3,2,53,1,1,80
1,2,3,3,40,1,1,60
1,2,3,1,62,1,1,100
1,2,4,2,1,1,1,80
0,2,4,2,1,1,1,80
1,2,3,3,85,1,2,120
1,2,4,1,1,1,3,300
0,2,1,4,84,1,1,120
1,2,4,2,1,1,1,80
1,2,3,1,71,1,3,300
1,2,3,3,61,1,1,60
1,2,4,1,1,2,3,600
1,2,3,3,97,2,1,60
0,2,1,1,86,3,3,900
1,2,3,2,99,3,2,480
0,2,3,2,95,3,1,240
0,2,1,2,71,1,1,80
1,2,3,3,32,3,1,60
0,2,4,3,1,1,3,180
0,2,4,3,1,2,1,60
1,2,3,1,72,1,2,200
1,2,3,3,80,1,5,300
1,2,4,3,1,1,5,300
0,2,3,2,28,5,3,1200
1,2,4,2,1,1,3,240
0,2,1,3,89,2,1,120
1,2,1,3,68,1,2,120
0,2,1,1,31,3,1,300
1,2,1,1,50,1,1,100
1,2,3,1,11,1,1,100
0,2,4,4,1,2,3,720
1,2,2,3,65,1,1,60
1,3,1,3,74,1,2,120
1,3,3,3,8,1,2,120
0,3,1,2,79,2,1,80
1,3,3,1,100,1,1,100
1,3,3,3,98,3,1,60
0,3,3,3,39,5,2,600
1,3,3,1,47,1,1,100
0,3,1,1,32,2,1,100
1,3,2,3,31,2,6,720
1,3,4,3,1,3,6,1080
1,3,3,3,86,1,5,300
0,3,4,1,1,1,1,100
0,3,2,2,95,3,1,240
1,3,3,2,60,1,1,80
0,3,2,4,58,1,2,240
0,3,4,4,1,4,2,960
1,3,1,2,73,1,1,80
1,3,3,2,5,1,4,320
0,3,3,3,99,1,2,120
0,3,4,1,1,3,1,300
1,3,3,3,23,1,1,60
1,3,3,1,5,2,1,200
0,3,1,3,72,2,1,60
1,3,3,1,59,1,1,100
1,3,4,2,1,3,1,80
1,3,4,3,1,1,3,180
0,3,4,4,1,1,3,360
1,3,4,3,1,1,2,120
1,3,4,3,1,1,2,120
0,3,4,1,1,1,1,100
1,3,1,3,78,3,1,60
0,3,3,2,97,1,1,80
1,3,1,3,25,3,2,360
1,3,3,3,15,2,2,240
1,3,1,3,18,2,1,60
0,3,1,2,56,1,1,80
0,3,1,4,49,3,1,360
1,3,3,3,2,3,1,60
1,3,4,3,1,1,1,60
1,3,4,3,1,1,1,60
0,3,4,1,1,1,3,300
0,3,4,1,1,1,1,100
1,3,3,2,95,1,1,80
1,3,2,1,96,1,1,100
0,3,4,3,1,1,1,60
1,3,4,3,1,2,1,120
1,3,4,3,1,2,1,60
1,3,3,3,28,1,2,120
1,3,1,3,37,2,1,60
0,3,3,4,86,1,5,600
0,3,3,1,2,4,2,800
1,3,3,2,88,1,4,320
0,3,1,4,5,1,2,240
1,3,2,3,67,1,2,120
0,3,3,2,54,3,2,480
1,3,4,2,1,1,2,160
1,3,4,3,1,1,3,180
0,3,1,2,48,2,1,160
0,3,1,3,58,2,5,600
1,3,1,3,6,3,2,360
1,3,2,2,89,1,1,80
0,3,1,2,66,3,1,80
1,3,4,3,1,1,1,60
1,3,3,3,92,1,1,60
1,3,3,2,20,1,1,80
0,3,4,3,1,4,5,1200
1,3,2,3,61,1,2,120
1,3,3,3,12,1,2,120
0,3,4,2,1,1,1,80
1,3,1,2,85,1,2,160
1,3,2,3,18,1,1,60
0,3,3,3,87,3,5,900
1,3,2,3,33,2,1,60
0,3,3,2,24,4,5,1600
1,3,4,3,1,1,1,60
1,3,3,3,13,1,3,180
1,3,3,3,36,2,1,120
1,3,3,3,74,1,1,60
1,3,1,2,55,3,1,80
1,3,1,2,98,3,1,240
1,3,1,2,19,4,3,960
0,3,1,3,42,1,1,60
0,3,2,3,51,1,2,120
1,3,2,2,73,1,4,320
1,3,1,3,43,1,1,60
0,3,4,4,1,3,2,720
1,3,4,1,1,2,2,400
0,3,4,1,1,1,2,200
1,3,1,2,94,1,2,160
1,3,2,3,54,2,1,60
1,3,4,1,1,1,2,200
0,3,4,2,1,1,2,160
1,3,2,1,19,3,1,100
1,3,4,2,1,1,1,80
1,3,3,1,93,1,1,100
0,3,4,2,1,4,5,1600
0,3,4,2,1,1,1,80
1,3,2,2,85,1,5,400
0,3,3,4,19,2,2,480
1,3,3,3,23,3,1,60
1,3,3,3,49,2,1,120
0,3,1,3,40,3,1,180
1,3,1,3,61,1,1,60
1,3,3,3,96,1,1,60
0,3,4,3,1,2,3,360
1,3,4,3,1,2,1,60
0,3,4,3,1,1,4,240
1,3,3,3,47,1,3,180
1,3,3,3,89,1,1,60
0,3,3,4,21,1,3,360
1,3,2,1,90,2,1,200
0,3,1,2,5,4,4,1280
1,3,3,2,54,3,2,480
1,3,4,3,1,1,13,780
0,3,4,3,1,1,13,780
1,3,1,3,30,1,3,180
1,3,4,3,1,1,1,60
0,3,3,2,13,4,3,960
1,3,4,3,1,1,13,780
1,3,3,3,27,1,13,780
1,3,3,1,78,2,1,100
1,3,2,3,61,1,3,180
0,3,1,1,41,3,5,1500
1,3,3,3,63,2,13,1560
1,3,4,3,1,1,2,120
0,3,1,1,41,1,2,200
1,3,1,1,57,1,2,200
0,3,1,3,33,1,3,180
0,3,4,3,1,1,12,720
1,3,4,1,1,1,2,200
0,3,1,3,48,1,1,60
1,3,1,1,72,3,2,600
1,3,4,4,1,1,1,120
1,3,4,1,1,1,2,200
0,3,3,2,36,4,3,960
1,3,4,2,1,3,2,480
0,3,1,2,11,2,2,320
1,3,3,3,82,1,12,720
1,3,3,3,65,3,1,60
0,3,1,1,21,5,2,1000
1,3,3,3,10,1,2,120
1,3,3,1,57,1,2,200
0,3,3,4,6,1,2,240
0,3,2,3,31,1,2,120
1,3,1,3,59,3,1,60
1,3,2,1,2,1,7,700
0,3,3,1,76,4,1,400
1,3,3,4,45,1,1,120
1,3,3,3,99,2,1,60
0,3,4,3,1,2,4,480
0,3,4,3,1,2,2,240
1,3,1,2,45,3,1,80
0,3,3,4,53,1,2,240
1,3,3,3,97,3,1,180
0,3,1,3,69,1,2,120
1,3,2,2,12,1,1,80
1,3,1,1,52,1,1,100
1,3,3,2,99,1,1,80
0,3,2,2,5,3,1,240
1,3,1,3,70,2,1,60
0,3,4,2,1,1,2,160
0,3,2,4,14,2,1,240
0,3,4,4,1,1,5,600
1,3,3,3,60,1,5,300
1,3,4,3,1,1,2,120
1,3,2,1,5,3,3,900
1,3,4,4,1,1,1,120
1,3,3,3,55,1,3,180
0,3,3,3,60,1,1,60
1,3,4,2,1,1,2,160
1,3,4,3,1,1,2,120
0,3,3,4,35,3,1,120
1,3,3,3,23,3,1,180
1,3,4,3,1,2,1,60
1,3,3,3,95,2,1,120
0,3,4,3,1,1,1,60
1,3,1,1,2,1,2,200
0,3,2,4,85,2,1,240
0,3,3,2,60,3,1,240
1,3,3,3,34,1,1,60
1,3,4,3,1,1,1,60
0,3,3,2,83,1,1,80
0,3,3,1,85,2,1,100
1,3,4,3,1,2,4,480
0,3,1,1,99,4,3,1200
1,3,2,2,83,1,4,320
1,3,4,2,1,1,1,80
1,3,4,3,1,3,1,60
1,3,3,2,80,3,1,240
0,3,3,2,82,1,4,320
1,3,1,2,100,1,2,160
1,3,3,3,56,1,1,60
1,3,2,3,16,1,1,60
0,3,2,3,94,1,3,180
1,3,1,3,26,3,1,180
1,3,4,3,1,1,3,180
0,3,1,2,70,2,1,160
1,3,1,3,46,1,2,120
1,3,1,2,13,1,1,80
0,3,4,1,1,4,4,1600
1,3,4,2,1,1,1,80
0,3,4,2,1,2,1,80
0,3,4,1,1,3,1,300
1,3,3,4,56,3,1,120
1,3,2,2,14,1,1,80
0,3,1,4,44,3,2,720
1,3,2,4,65,1,1,120
0,3,3,3,35,1,6,360
1,3,3,2,68,1,7,560
1,3,2,1,8,2,2,400
0,3,4,2,1,4,1,320
1,3,2,1,73,1,2,200
1,3,4,1,1,1,2,200
0,3,3,3,74,1,7,420
1,3,2,2,20,1,6,480
1,3,4,1,1,1,2,200
1,3,4,3,1,1,3,180
0,4,4,4,1,2,2,480
1,4,3,2,36,3,1,240
1,4,1,3,92,2,1,60
0,4,1,1,50,1,2,200
0,4,4,1,1,2,2,400
0,4,4,3,1,3,4,720
1,4,3,3,6,1,4,240
1,4,2,3,63,3,2,360
0,4,1,2,97,1,4,320
1,4,2,3,19,1,3,180
1,4,3,3,68,1,2,120
1,4,1,3,17,1,1,60
1,4,4,3,1,1,1,60
0,4,3,2,15,1,5,400
0,4,4,1,1,1,1,100
1,4,2,3,69,2,1,120
1,4,1,4,60,1,2,240
0,4,3,1,30,1,1,100
1,4,4,3,1,2,1,60
1,4,4,3,1,1,1,60
0,4,1,3,83,4,5,1200
0,4,1,3,8,3,1,180
1,4,1,1,44,1,2,200
0,4,3,3,21,1,1,60
0,4,4,3,1,1,1,60
1,4,2,3,16,3,1,60
1,4,4,4,1,1,1,120
1,4,1,3,75,2,1,120
1,4,3,3,69,1,1,60
1,4,2,3,31,1,1,60
0,4,1,4,100,4,2,960
1,4,3,3,82,1,2,120
0,4,2,1,36,4,4,1600
1,4,4,3,1,3,2,360
0,4,1,2,72,1,1,80
1,4,2,3,47,3,1,60
1,4,3,2,65,2,1,80
0,4,1,2,99,2,1,160
0,4,4,2,1,3,1,240
1,4,2,2,59,1,1,80
1,4,1,3,12,1,1,60
1,4,4,3,1,1,1,60
0,4,3,4,88,1,1,120
0,4,4,2,1,1,3,240
0,4,4,2,1,1,5,400
1,4,2,3,36,2,3,360
1,1,1,2,78,1,1,80
0,1,3,1,65,3,2,600
1,1,4,3,1,1,1,60
1,1,3,3,37,1,3,180
0,1,4,4,1,3,2,720
0,1,1,2,50,1,2,160
1,1,4,3,1,1,1,60
1,1,4,2,1,3,2,480
0,1,2,3,19,1,3,180
1,1,1,1,100,1,3,300
1,1,3,2,76,1,3,240
0,1,3,3,77,3,3,540
0,1,4,2,1,2,1,160
1,1,3,3,15,1,1,60
1,1,4,3,1,1,2,120
1,1,4,1,1,1,2,200
1,1,3,2,48,2,1,80
1,1,3,1,31,2,5,1000
1,1,4,2,1,3,1,240
1,1,1,2,32,3,1,80
0,1,2,2,63,1,1,80
1,1,1,1,74,1,1,100
1,1,4,2,1,2,1,160
0,1,2,1,12,5,3,1500
1,1,3,2,55,2,1,80
1,1,1,2,70,1,1,80
0,1,1,2,41,1,1,80
1,1,4,2,1,1,1,80
0,1,4,3,1,3,1,180
1,1,3,3,20,3,1,60
0,1,2,3,15,4,3,720
1,1,1,2,86,1,1,80
1,1,3,3,95,3,1,180
0,1,2,3,40,1,1,60
1,1,4,4,1,2,2,480
1,1,4,1,1,1,4,400
0,1,4,2,1,3,3,720
1,1,1,3,8,1,3,180
0,1,4,3,1,1,2,120
0,1,4,1,1,2,1,200
1,1,4,2,1,1,1,80
1,1,3,2,51,1,1,80
0,1,1,3,72,3,1,60
1,1,2,3,71,1,1,60
0,1,4,3,1,1,1,60
1,1,4,3,1,2,1,120
0,1,4,4,1,3,2,720
1,1,2,2,61,1,1,80
1,1,3,1,77,2,2,400
0,1,2,2,13,2,1,160
1,1,3,1,87,2,1,100
1,1,4,2,1,1,1,80
0,1,1,1,63,2,1,100
0,1,2,1,85,4,4,1600
1,1,1,2,77,2,1,160
0,1,3,1,59,1,1,100
1,1,1,2,3,1,1,80
0,1,4,4,1,1,1,120
1,1,4,2,1,1,1,80
1,1,3,2,51,3,1,80
0,1,1,3,55,2,3,360
1,1,1,3,27,2,2,240
1,1,1,3,97,2,1,60
0,1,3,3,4,3,1,180
0,1,4,3,1,1,4,240
1,1,3,3,33,3,2,360
1,1,2,3,61,1,3,180
0,1,4,3,1,1,1,60
1,1,4,3,1,1,2,120
1,1,1,1,90,1,2,200
0,1,1,2,73,2,2,320
0,1,2,4,65,1,3,360
1,1,3,3,32,1,4,240
0,1,3,3,3,2,1,120
1,1,3,2,6,1,1,80
1,1,4,3,1,1,9,540
0,1,1,3,39,2,1,60
0,1,4,3,1,1,2,120
1,1,3,1,60,2,1,100
0,1,4,2,1,3,2,480
1,1,3,3,22,3,1,60
1,1,4,3,1,3,3,540
0,1,1,1,35,1,3,300
1,1,1,3,32,1,2,120
1,1,3,1,46,1,1,100
1,1,4,3,1,2,1,120
1,1,3,4,36,4,2,960
0,1,3,3,84,1,4,240
0,1,2,2,53,2,1,80
1,1,2,3,59,1,1,60
0,1,4,3,1,2,1,60
1,1,4,1,1,1,3,300
1,1,4,3,1,1,2,120
1,1,4,1,1,1,3,300
0,1,3,1,53,3,3,900
1,1,4,1,1,1,3,300
1,1,2,2,71,1,2,160
0,1,3,3,97,3,4,720
1,1,3,3,99,1,1,60
1,1,3,3,76,2,1,120
1,1,4,2,1,3,1,240
0,1,4,2,1,4,4,1280
1,1,4,2,1,1,1,80
1,1,3,2,77,2,1,160
0,1,4,3,1,1,1,60
1,1,1,1,65,3,1,100
0,1,3,2,16,1,1,80
0,1,3,3,13,3,1,60
1,1,3,2,47,2,1,160
0,1,4,3,1,1,1,60
1,1,3,3,85,1,1,60
0,1,2,2,37,5,4,1600
1,1,2,2,12,2,1,160
0,1,4,2,1,3,3,720
1,1,4,2,1,1,1,80
1,1,4,3,1,1,2,120
0,1,4,2,1,1,1,80
1,1,4,3,1,1,2,120
0,1,3,4,76,3,1,360
0,1,1,3,5,2,1,120
1,1,4,2,1,1,5,400
1,1,2,3,81,1,2,120
0,1,3,4,7,1,2,240
1,1,2,3,15,2,1,120
1,1,2,3,23,2,1,60
0,1,4,1,1,1,2,200
1,1,4,4,1,3,1,360
1,1,2,3,21,1,2,120
0,1,3,2,9,3,5,1200
0,1,1,3,93,1,1,60
1,1,3,3,67,1,1,60
1,1,3,2,8,3,1,80
1,1,3,1,68,3,1,300
1,1,3,3,11,1,1,60
1,1,4,3,1,2,1,120
1,1,2,2,67,2,1,80
0,1,1,2,86,4,1,320
1,1,3,3,31,1,2,120
1,1,4,1,1,1,3,300
0,1,3,2,75,2,1,80
0,1,2,2,63,1,1,80
1,1,2,2,35,1,1,80
0,1,4,1,1,1,5,500
1,1,1,3,76,1,2,120
0,1,1,1,28,1,1,100
0,1,4,3,1,3,1,180
1,1,3,3,93,2,2,240
1,1,4,3,1,1,1,60
1,1,2,2,62,3,1,240
0,1,3,2,5,3,1,240
1,1,3,4,62,1,3,360
1,1,3,2,54,1,1,80
1,1,4,3,1,1,3,180
1,1,4,3,1,3,1,60
1,1,2,3,61,1,1,60
0,1,3,3,39,3,1,60
0,1,4,2,1,1,1,80
0,1,4,4,1,3,2,720
1,1,3,2,64,1,1,80
1,1,1,3,42,2,3,360
1,1,2,3,17,2,1,60
1,1,2,3,91,1,2,120
1,1,3,1,77,1,2,200
0,1,3,3,41,1,1,60
1,2,3,2,43,1,2,160
1,2,4,1,1,2,1,100
0,2,1,1,77,3,2,600
1,2,3,4,8,3,1,360
0,2,4,3,1,2,2,240
0,2,2,3,8,3,1,60
1,2,4,3,1,1,1,60
0,2,3,1,74,2,1,200
1,2,3,3,13,1,1,60
1,2,4,3,1,1,4,240
0,2,3,3,47,1,4,240
1,2,4,2,1,1,1,80
0,2,3,3,11,4,4,960
0,2,3,3,30,1,7,420
1,2,4,3,1,1,7,420
1,2,3,1,8,1,7,700
0,2,3,4,68,2,2,480
1,2,2,3,88,1,6,360
0,2,4,3,1,1,6,360
1,2,1,3,45,1,9,540
0,2,4,3,1,2,7,840
1,2,2,1,99,1,7,700
1,2,1,4,96,3,3,1080
0,2,4,3,1,1,7,420
1,2,4,3,1,3,6,1080
0,2,4,1,1,2,3,600
1,2,4,3,1,1,7,420
1,2,1,3,87,1,7,420
0,2,3,2,75,3,2,480
1,2,4,2,1,1,6,480
0,2,2,2,60,2,6,960
1,2,2,3,53,1,5,300
0,2,1,2,14,1,1,80
1,2,2,3,95,1,3,180
1,2,2,3,4,1,1,60
0,2,3,2,7,1,2,160
1,2,1,1,98,2,1,100
0,2,3,3,47,3,1,180
0,2,4,4,1,1,2,240
0,2,4,3,1,1,1,60
1,2,1,2,66,2,1,160
0,2,2,2,84,3,5,1200
1,2,1,3,78,3,1,60
1,2,3,3,48,1,3,180
0,2,3,2,93,3,1,80
1,2,4,3,1,1,3,180
1,2,3,3,70,3,3,540
1,2,4,2,1,4,2,640
1,2,3,3,9,1,2,120
0,2,4,1,1,1,1,100
1,2,2,3,57,1,2,120
1,2,1,2,83,1,1,80
0,2,4,3,1,3,1,180
0,2,4,2,1,3,5,1200
1,2,4,1,1,1,1,100
0,2,2,2,2,1,1,80
0,2,4,3,1,1,1,60
1,2,2,3,43,2,1,120
0,2,4,4,1,3,2,720
1,2,4,3,1,1,1,60
1,2,4,3,1,2,1,120
0,2,1,3,92,1,4,240
1,2,3,3,31,2,1,60
1,2,3,4,5,1,1,120
0,2,1,3,3,5,1,300
0,2,3,3,24,1,5,300
1,2,4,2,1,1,1,80
1,2,3,3,22,2,1,60
0,2,3,1,48,3,1,300
1,2,1,2,42,3,1,80
1,2,4,2,1,2,3,480
1,2,1,2,98,1,1,80
1,2,4,3,1,1,2,120
0,2,1,2,16,1,1,80
0,2,3,2,72,1,1,80
1,2,4,2,1,2,1,160
1,2,1,1,67,3,1,300
0,2,3,3,4,2,1,60
0,2,3,3,100,2,3,360
1,2,1,2,2,1,1,80
0,2,3,3,95,3,1,60
1,2,3,3,19,2,1,120
0,2,3,3,16,3,1,180
1,2,3,2,22,1,1,80
0,2,1,3,20,5,1,300
1,2,3,2,35,3,1,80
0,2,4,3,1,1,1,60
0,2,4,1,1,1,1,100
1,2,1,3,60,1,2,120
1,2,2,3,15,1,1,60
1,2,4,2,1,1,1,80
0,2,4,1,1,4,2,800
0,2,3,3,43,2,3,360
1,2,2,2,70,1,2,160
1,2,4,2,1,1,1,80
0,2,1,2,72,2,1,80
1,2,1,2,20,2,2,320
1,2,2,3,60,2,1,60
1,2,4,1,1,5,1,500
1,2,2,2,42,1,2,160
1,2,3,1,23,1,2,200
1,2,4,1,1,1,1,100
1,2,4,3,1,2,1,120
0,2,1,2,16,3,1,240
1,2,2,3,52,1,1,60
0,2,4,1,1,2,1,200
0,2,3,3,68,4,1,240
1,2,2,3,17,1,1,60
0,2,1,3,53,2,1,60
1,2,2,3,61,1,4,240
1,2,3,3,95,1,1,60
0,2,1,4,5,1,2,240
1,2,3,3,19,2,4,480
1,2,1,3,60,3,1,180
0,2,2,4,13,3,3,1080
1,2,1,3,93,1,2,120
0,2,4,1,1,1,1,100
1,2,1,1,33,3,1,100
0,2,4,4,1,3,2,720
1,2,1,1,63,1,1,100
1,2,3,3,78,1,3,180
0,2,3,2,84,2,1,160
0,2,3,4,71,1,1,120
1,2,1,3,88,2,1,60
0,2,3,2,21,5,2,800
1,2,4,1,1,2,1,100
1,2,1,3,48,2,1,120
1,2,4,3,1,1,1,60
0,2,4,3,1,3,1,180
1,2,3,1,65,1,1,100
0,2,4,1,1,4,5,2000
1,2,3,3,31,3,1,60
1,2,2,2,86,1,1,80
1,2,3,1,4,2,1,100
0,2,3,3,48,1,2,120
1,2,1,1,44,1,1,100
1,2,2,1,14,2,1,200
1,2,1,1,84,1,1,100
1,2,1,2,61,2,3,480
0,2,4,2,1,1,1,80
0,2,4,2,1,1,3,240
1,2,1,3,85,1,3,180
1,2,3,1,63,3,3,900
0,2,1,3,81,3,1,180
1,2,3,2,41,2,1,80
0,2,1,1,95,5,4,2000
0,2,4,4,1,1,3,360
1,2,3,1,26,1,1,100
1,2,3,4,28,1,1,120
0,2,1,1,34,2,3,600
1,2,3,3,43,1,3,180
1,2,4,3,1,1,2,120
0,2,2,2,2,3,5,1200
1,2,4,3,1,1,1,60
1,2,2,3,64,3,1,60
0,2,4,3,1,1,2,120
0,2,4,4,1,2,2,480
1,2,3,4,17,1,2,240
1,2,4,3,1,3,1,60
1,2,3,2,98,2,1,160
0,2,4,2,1,3,1,240
1,2,2,3,16,1,2,120
0,2,3,3,60,3,1,180
0,2,1,2,49,1,1,80
1,2,4,3,1,2,1,120
1,2,1,2,43,2,1,160
0,2,4,2,1,1,1,80
1,2,3,3,70,2,1,60
1,3,1,3,55,2,1,60
0,3,1,1,49,5,5,2500
1,3,3,2,74,2,1,160
1,3,1,3,72,1,1,60
1,3,1,1,37,3,3,900
0,3,1,3,68,4,5,1200
0,3,3,3,40,1,1,60
0,3,1,2,20,1,1,80
1,3,1,1,41,1,10,1000
1,3,3,3,64,2,6,720
0,3,3,3,60,2,2,240
1,3,4,3,1,3,9,1620
1,3,4,3,1,1,9,540
0,3,3,3,45,1,2,120
1,3,4,2,1,1,1,80
1,3,2,1,8,1,5,500
0,3,3,1,52,3,1,300
1,3,2,3,91,3,1,60
0,3,1,2,16,3,4,960
1,3,1,3,93,1,5,300
1,3,4,2,1,1,5,400
1,3,1,3,7,2,1,120
1,3,1,2,77,1,3,240
0,3,3,4,30,2,2,480
1,3,2,3,21,3,1,60
0,3,4,3,1,1,2,120
0,3,3,3,100,1,1,60
0,3,2,3,43,2,1,60
1,3,2,3,40,1,1,60
1,3,1,3,70,1,1,60
0,3,4,4,1,3,2,720
0,3,1,3,39,3,2,360
1,3,2,3,92,1,2,120
1,3,4,3,1,1,1,60
0,3,4,4,1,1,1,120
1,3,4,1,1,1,1,100
1,3,3,3,53,3,1,60
0,3,3,2,45,1,3,240
1,3,4,3,1,2,1,120
0,3,2,2,5,2,2,320
1,3,4,1,1,1,2,200
1,3,4,4,1,1,1,120
1,3,1,2,3,1,1,80
0,3,3,3,90,2,1,60
1,3,3,3,94,1,1,60
0,3,4,3,1,4,3,720
1,3,2,2,92,3,5,1200
0,3,4,3,1,1,5,300
1,3,4,3,1,1,2,120
1,3,2,3,59,1,1,60
0,3,1,3,48,2,1,120
1,3,4,1,1,2,5,1000
1,3,4,1,1,1,4,400
1,3,4,2,1,1,1,80
1,3,4,3,1,1,2,120
0,3,4,1,1,3,1,300
1,3,4,3,1,2,3,360
1,3,4,2,1,1,1,80
0,3,3,2,2,3,4,960
1,3,4,2,1,1,1,80
0,3,4,3,1,1,2,120
1,3,3,1,74,2,1,100
1,3,4,3,1,1,5,300
0,3,1,3,57,2,1,120
0,3,2,1,18,1,2,200
0,3,2,2,16,3,8,1920
1,3,4,3,1,1,1,60
0,3,1,1,82,5,1,500
1,3,1,3,64,1,8,480
1,3,3,3,77,1,1,60
0,3,4,3,1,1,2,120
1,3,3,3,80,2,1,60
0,3,2,2,15,4,4,1280
1,3,4,1,1,1,1,100
1,3,4,3,1,1,2,120
0,3,4,3,1,1,2,120
1,3,4,3,1,2,1,120
1,3,4,4,1,1,2,240
0,3,4,3,1,2,2,240
1,3,4,3,1,2,1,60
1,3,4,3,1,1,2,120
1,3,4,3,1,1,1,60
1,3,2,3,83,3,1,180
0,3,4,2,1,1,1,80
1,3,2,1,25,1,1,100
1,3,4,3,1,1,1,60
1,3,3,2,17,3,1,240
0,3,1,3,23,2,4,480
1,3,1,3,24,1,1,60
1,3,1,2,93,3,1,80
0,3,2,3,10,3,1,60
0,3,1,1,97,1,4,400
0,3,2,3,5,1,1,60
1,3,1,2,47,1,3,240
0,3,4,2,1,2,4,640
1,3,4,3,1,1,3,180
1,3,2,2,85,1,3,240
0,3,4,2,1,2,3,480
1,3,3,2,31,1,1,80
1,3,4,3,1,1,1,60
0,3,4,1,1,3,2,600
1,3,3,4,82,1,2,240
1,3,3,1,12,1,1,100
1,3,4,2,1,1,1,80
0,3,1,3,9,3,1,180
1,3,4,3,1,1,3,180
1,3,1,3,90,2,1,120
0,3,4,3,1,2,4,480
1,3,1,3,8,1,1,60
1,3,1,2,41,2,1,80
1,3,2,3,39,3,1,180
0,3,2,3,20,2,1,120
0,3,3,3,79,4,3,720
1,3,4,4,1,1,6,720
0,3,4,1,1,2,3,600
1,3,4,2,1,1,4,320
1,3,4,2,1,3,1,80
1,3,2,1,66,1,1,100
1,3,4,3,1,2,2,240
0,3,3,2,17,1,1,80
1,3,3,3,67,1,1,60
1,3,4,3,1,1,1,60
0,3,1,3,45,4,1,240
1,3,3,3,24,3,1,60
1,3,3,1,87,1,2,200
1,3,3,2,77,2,1,160
1,3,4,2,1,1,2,160
1,3,3,1,51,1,3,300
0,3,1,2,52,2,4,640
0,3,1,2,90,1,1,80
1,3,4,3,1,2,1,60
1,3,4,3,1,2,1,120
1,3,1,3,44,1,1,60
0,3,4,4,1,2,2,480
1,3,2,3,15,2,1,60
0,3,1,3,72,2,1,120
0,3,2,3,22,1,1,60
0,3,4,4,1,1,1,120
1,3,1,3,61,1,1,60
0,3,2,3,6,2,1,120
1,3,4,1,1,2,2,400
1,3,2,2,44,1,1,80
0,3,4,4,1,2,3,720
0,3,1,3,6,3,1,60
1,3,1,2,45,1,3,240
1,3,3,3,25,2,2,240
0,3,4,4,1,1,1,120
1,3,4,1,1,3,1,300
0,3,2,3,39,4,2,480
1,3,3,2,49,3,1,80
1,3,1,2,79,1,1,80
0,3,2,2,99,3,1,240
1,3,3,3,86,2,1,120
1,3,1,2,85,1,2,160
1,3,1,1,76,1,1,100
0,3,3,1,66,4,2,800
0,3,3,3,56,2,1,60
1,3,1,2,43,2,1,160
1,3,4,2,1,1,1,80
1,3,4,2,1,2,1,80
1,3,2,2,63,1,1,80
1,4,3,2,13,1,5,400
0,4,3,1,25,1,7,700
0,4,2,3,50,1,5,300
1,4,3,3,63,2,6,720
1,4,3,1,36,2,1,200
0,4,3,3,85,1,5,300
0,4,4,1,1,3,1,300
1,4,1,4,33,1,5,600
1,4,2,2,88,1,1,80
0,4,3,3,92,1,7,420
1,4,3,2,36,3,1,240
1,4,2,3,62,1,4,240
0,4,4,4,1,3,2,720
0,4,3,1,43,3,1,100
1,4,1,3,30,1,3,180
0,4,4,3,1,1,1,60
0,4,3,4,89,2,3,720
1,4,4,2,1,3,1,80
1,4,4,3,1,2,8,960
1,4,1,3,86,1,1,60
1,4,3,3,78,1,1,60
1,4,4,4,1,1,2,240
1,4,3,3,6,1,3,180
0,4,4,2,1,4,3,960
1,4,4,3,1,1,1,60
0,4,3,3,13,2,1,60
1,4,4,2,1,1,1,80
1,4,1,3,27,1,2,120
0,4,1,4,26,2,2,480
1,4,4,2,1,1,1,80
1,4,4,3,1,2,1,120
0,4,4,2,1,1,1,80
1,4,4,3,1,2,1,60
1,4,1,1,45,1,1,100
0,4,2,3,91,1,1,60
0,4,4,2,1,4,1,320
1,4,4,3,1,1,3,180
0,4,4,4,1,1,1,120
0,4,2,2,76,2,2,320
1,4,1,1,78,1,3,300
1,4,4,3,1,1,11,660
0,4,2,2,53,3,2,480
1,4,3,3,73,1,11,660
0,4,4,3,1,2,1,120
1,4,3,1,34,1,1,100
1,4,3,3,47,3,2,360
0,4,2,3,60,3,1,180
1,4,4,3,1,1,6,360
0,4,1,4,3,2,3,720
1,4,3,3,18,1,2,120
1,4,3,3,54,1,2,120
1,4,1,3,19,2,4,480
0,4,4,2,1,5,4,1600
1,4,1,3,57,1,7,420
1,4,1,4,79,1,2,240
0,4,3,3,4,1,1,60
1,4,3,3,10,2,1,120
1,4,3,3,28,2,2,240
1,4,4,1,1,1,2,200
0,4,4,1,1,2,1,200
1,4,4,2,1,1,1,80
0,4,1,2,66,1,2,160
1,4,2,1,19,3,1,100
0,4,4,3,1,5,5,1500
1,4,4,3,1,1,1,60
1,4,4,3,1,2,2,240
1,4,3,4,92,1,1,120
1,4,1,3,48,1,2,120
0,4,3,1,76,5,2,1000
1,4,3,3,31,1,3,180
1,4,4,3,1,1,1,60
0,4,3,3,74,2,1,120
1,4,3,3,94,1,1,60
0,4,1,3,35,1,1,60
1,4,3,3,92,2,1,60
0,4,4,3,1,2,2,240
0,4,4,3,1,1,1,60
0,4,4,3,1,2,2,240
1,4,1,1,9,1,2,200
1,4,3,3,31,3,1,180
0,4,1,4,82,3,1,360
1,4,1,2,22,1,2,160
1,4,2,3,24,2,2,240
1,4,4,3,1,1,4,240
0,4,3,4,90,3,3,1080
0,4,1,1,15,1,2,200
1,4,3,1,64,1,4,400
1,4,3,3,12,1,4,240
0,4,3,3,37,2,2,240
0,4,3,1,98,1,2,200
1,4,4,3,1,1,1,60
0,4,1,2,94,1,1,80
1,4,2,4,91,1,1,120
1,4,4,2,1,1,1,80
1,4,1,3,62,2,1,120
1,4,1,3,53,1,1,60
0,4,1,3,90,5,2,600
1,4,3,3,91,1,1,60
0,4,4,4,1,3,3,1080
0,4,1,3,79,1,1,60
0,4,3,3,23,2,1,120
0,4,4,1,1,3,1,100
1,4,4,3,1,1,1,60
1,4,3,2,42,1,1,80
0,4,4,4,1,2,1,240
1,4,1,2,84,1,1,80
1,4,3,3,4,1,1,60
0,4,3,3,77,2,1,120
1,4,1,3,3,1,1,60
1,4,3,2,12,1,1,80
0,4,1,2,98,5,5,2000
0,4,4,3,1,1,5,300
1,4,4,2,1,1,4,320
1,4,1,3,70,2,1,120
1,4,4,3,1,3,1,180
1,4,1,3,63,2,1,60
1,4,2,3,48,1,1,60
0,4,2,4,10,1,5,600
1,4,3,3,92,1,1,60
1,4,3,3,38,2,3,360
1,4,3,3,18,1,1,60
0,4,1,4,91,1,5,600
1,4,1,3,8,1,1,60
0,4,3,4,2,2,2,480
1,4,3,3,70,1,1,60
1,4,3,3,91,1,1,60
1,4,3,4,22,1,2,240
1,4,4,1,1,1,2,200
1,4,1,2,10,3,1,80
0,4,2,2,6,2,5,800
1,4,4,3,1,1,2,120
0,4,2,3,99,3,1,180
1,4,4,3,1,2,1,120
1,4,1,3,71,1,1,60
0,4,4,2,1,1,1,80
1,4,4,3,1,1,1,60
0,4,3,1,18,4,1,400
1,4,4,2,1,1,1,80
1,4,3,1,5,2,1,200
1,4,3,3,18,1,1,60
0,4,1,1,5,2,1,100
1,4,1,2,88,1,1,80
1,4,3,2,67,1,1,80
1,4,3,2,27,1,2,160
0,4,3,3,64,1,2,120
0,4,4,4,1,2,2,480
0,4,4,3,1,3,2,360
0,4,3,3,71,1,4,240
1,5,3,2,2,3,1,240
0,5,4,1,1,1,3,300
1,5,4,3,1,1,6,360
1,5,3,3,83,1,1,60
1,5,4,4,1,3,1,360
0,5,3,2,36,2,1,160
1,5,2,3,49,1,1,60
0,5,1,3,100,1,1,60
1,5,4,1,1,3,1,100
1,5,4,3,1,1,1,60
0,5,3,2,2,4,1,320
0,5,3,3,77,1,1,60
1,5,1,2,68,1,5,400
0,5,4,3,1,1,4,240
1,5,1,2,69,1,3,240
1,5,2,1,65,1,4,400
0,5,4,4,1,3,3,1080
1,5,3,3,35,2,4,480
0,5,1,3,13,3,2,360
1,5,2,3,81,1,4,240
1,5,3,3,67,2,1,120
0,5,3,2,53,3,5,1200
1,5,1,3,54,1,3,180
0,5,4,2,1,5,2,800
1,5,4,2,1,1,1,80
0,5,1,4,35,2,1,240
1,5,3,1,46,1,3,300
1,5,4,2,1,1,1,80
0,5,3,3,69,2,1,120
1,5,3,3,20,3,1,180
1,5,2,3,42,1,1,60
0,5,4,4,1,1,1,120
1,5,3,2,61,1,1,80
0,5,4,3,1,2,1,60
1,5,4,3,1,1,1,60
1,5,3,3,65,2,1,120
0,5,2,3,12,1,1,60
0,5,4,1,1,1,3,300
1,5,4,2,1,1,1,80
1,5,4,3,1,1,2,120
1,5,1,4,40,3,2,720
1,5,3,4,51,2,3,720
0,5,4,3,1,1,1,60
1,5,1,2,66,1,1,80
1,5,1,2,92,3,1,80
1,5,3,2,94,1,1,80
1,5,4,4,1,3,1,360
1,5,3,3,48,1,1,60
0,5,3,1,28,3,1,300
1,5,4,3,1,1,3,180
0,5,4,1,1,1,1,100
1,5,4,2,1,1,3,240
0,5,1,3,5,2,1,120
1,5,1,3,54,2,1,120
0,5,4,2,1,1,1,80
0,5,2,3,54,1,2,120
1,5,1,3,38,1,1,60
0,5,1,1,44,2,1,100
0,5,3,3,33,1,1,60
1,5,4,1,1,1,2,200
0,5,1,2,62,5,4,1600
0,5,3,3,85,1,1,60
1,5,2,3,59,1,1,60
1,5,4,3,1,1,1,60
1,5,4,3,1,3,1,60
0,5,4,2,1,2,1,160
0,5,1,2,42,3,5,1200
1,5,1,2,87,3,1,240
1,5,1,2,92,1,1,80
0,5,1,1,99,2,1,200
1,5,2,3,99,1,4,240
1,5,1,4,64,1,1,120
0,5,4,1,1,3,2,600
1,5,4,2,1,1,4,320
1,5,1,3,94,1,5,300
0,5,4,2,1,3,1,240
1,5,4,3,1,1,1,60
1,5,2,2,94,2,1,160
1,5,2,1,66,1,1,100
1,5,4,3,1,1,1,60
0,5,4,2,1,4,4,1280
1,5,2,2,96,2,1,80
1,5,4,3,1,1,1,60
1,5,4,3,1,1,1,60
1,5,1,2,48,2,2,320
1,5,4,4,1,1,3,360
0,5,3,3,56,1,3,180
1,5,3,3,16,1,1,60
1,5,3,3,45,1,4,240
0,5,1,3,10,1,1,60
0,5,1,2,17,2,1,160
1,5,1,3,84,1,1,60
0,5,2,1,82,1,1,100
0,5,3,2,83,3,5,1200
1,5,3,1,69,1,1,100
1,5,4,1,1,3,1,300
0,5,4,2,1,2,1,160
0,5,3,3,64,1,3,180
1,5,1,2,14,2,1,80
1,5,3,3,2,2,4,480
1,5,4,2,1,4,5,1600
1,5,3,3,2,1,3,180
1,5,4,3,1,1,1,60
0,5,4,1,1,3,4,1200
1,5,1,4,7,2,1,240
0,5,2,3,74,3,1,180
1,5,3,3,84,1,1,60
0,5,2,3,16,3,1,60
0,5,4,4,1,3,2,720
1,5,4,4,1,1,1,120
1,5,3,3,61,1,1,60
0,5,4,3,1,1,1,60
0,5,4,4,1,1,2,240
1,5,4,2,1,2,1,80
0,5,1,1,27,4,4,1600
1,5,1,3,39,2,1,120
1,5,1,2,71,1,1,80
0,5,4,3,1,2,1,120
1,5,3,3,16,1,1,60
0,5,3,2,4,3,2,480
1,6,4,2,1,1,3,240
1,6,4,3,1,1,3,180
0,6,1,3,70,4,3,720
1,6,2,3,14,1,1,60
1,6,3,3,62,1,2,120
1,6,2,3,2,3,1,180
0,6,1,1,38,1,2,200
1,6,1,3,95,2,10,1200
0,6,2,2,67,2,5,800
1,6,1,3,17,1,2,120
1,6,1,2,22,1,10,800
0,6,4,3,1,1,1,60
0,6,4,3,1,1,6,360
1,6,4,3,1,2,1,60
0,6,3,1,7,2,3,600
1,6,2,3,94,1,1,60
1,6,3,3,32,1,3,180
0,6,3,3,13,1,5,300
1,6,2,3,44,1,6,360
1,6,2,3,44,2,1,120
0,6,4,2,1,3,2,480
1,6,4,4,1,1,1,120
1,6,3,3,64,2,1,120
0,6,1,4,41,3,1,360
1,6,4,4,1,1,1,120
1,6,4,2,1,1,1,80
1,6,3,3,12,1,1,60
0,6,4,4,1,1,1,120
0,6,4,3,1,2,2,240
1,6,1,2,60,1,1,80
0,6,4,2,1,2,1,80
1,6,3,3,76,2,1,120
0,6,4,3,1,1,1,60
1,6,2,2,68,1,3,240
0,6,3,4,6,3,2,720
1,6,1,3,34,1,1,60
0,6,3,3,12,1,2,120
1,6,3,1,11,1,2,200
0,6,1,2,52,1,2,160
1,6,3,3,90,1,1,60
1,6,2,3,80,1,2,120
0,6,1,2,43,3,1,240
1,6,2,2,3,2,1,160
1,6,3,3,23,2,3,360
1,6,1,2,17,2,1,160
1,6,4,3,1,3,3,540
1,6,1,3,64,3,1,60
0,6,3,3,49,1,3,180
1,6,1,3,36,1,1,60
1,6,1,2,63,1,1,80
0,6,1,4,54,1,1,120
1,6,4,3,1,1,1,60
1,6,2,3,99,2,1,60
0,6,3,4,38,2,2,480
1,6,1,3,7,1,2,120
1,6,3,3,19,1,2,120
0,6,2,3,21,4,5,1200
1,6,1,2,71,2,2,320
1,6,2,1,53,1,1,100
0,6,4,3,1,1,2,120
1,6,4,3,1,2,2,240
0,6,1,3,85,3,1,180
1,6,1,3,93,1,1,60
1,6,4,1,1,1,1,100
0,6,1,2,84,1,1,80
1,6,4,3,1,2,1,60
1,6,2,3,82,1,1,60
1,6,3,3,74,2,4,480
1,6,1,1,53,2,2,400
1,6,2,3,31,1,2,120
0,6,3,3,6,2,3,360
1,6,3,4,93,1,2,240
0,6,1,3,22,1,1,60
1,6,1,1,5,1,3,300
0,6,3,3,59,3,4,720
1,6,2,3,39,3,4,720
1,6,4,3,1,1,3,180
0,6,2,3,74,2,4,480
1,6,3,3,57,1,1,60
0,6,4,2,1,2,1,160
0,6,3,4,38,2,2,480
1,6,4,1,1,2,1,200
0,6,4,1,1,1,1,100
1,6,2,3,48,3,1,60
0,6,3,1,70,3,1,300
1,6,1,2,83,2,1,80
0,6,3,1,53,1,3,300
1,6,3,3,29,1,1,60
1,6,1,4,29,1,1,120
0,6,3,2,65,1,1,80
1,6,4,2,1,1,1,80
0,6,3,3,29,2,1,120
1,6,2,1,65,1,1,100
1,6,1,3,49,2,1,120
1,6,3,4,51,2,3,720
1,6,1,2,33,2,1,80
1,6,1,3,77,1,1,60
0,6,3,3,31,2,1,120
1,6,1,3,60,1,1,60
1,6,1,3,98,1,1,60
1,6,3,1,13,1,1,100
0,6,1,3,17,1,3,180
1,6,4,1,1,1,1,100
0,6,3,2,39,5,4,1600
1,6,4,2,1,1,4,320
1,6,1,3,32,3,4,720
0,6,3,1,87,2,2,400
1,6,4,3,1,3,1,60
1,6,1,3,16,1,1,60
0,6,1,1,67,4,5,2000
1,6,1,2,40,2,3,480
1,6,4,3,1,1,4,240
1,6,2,3,14,1,1,60
1,6,4,2,1,1,2,160
1,6,2,3,5,1,2,120
0,6,4,4,1,3,1,360
1,6,4,3,1,1,1,60
1,6,3,3,64,1,1,60
1,6,3,4,12,2,1,240
1,6,4,3,1,1,2,120
0,6,3,4,98,3,2,720
0,6,3,4,98,2,2,480
1,6,4,2,1,2,1,80
1,6,4,3,1,1,1,60
1,6,4,1,1,1,1,100
1,6,1,4,2,1,2,240
1,6,1,1,18,2,2,400
0,6,3,3,56,3,1,180
1,6,4,2,1,1,1,80
1,6,4,2,1,1,2,160
0,6,4,1,1,2,3,600
1,6,3,1,61,2,1,200
0,6,4,3,1,2,1,120
1,6,1,2,7,1,2,160
1,6,4,2,1,1,1,80
0,6,1,4,33,3,2,720
1,6,1,3,3,1,3,180
1,6,3,2,57,2,1,160
0,6,4,3,1,1,3,180
1,6,2,3,86,1,3,180
1,7,4,3,1,1,8,480
0,7,1,4,4,1,1,120
1,7,4,2,1,3,3,720
0,7,4,4,1,3,2,720
1,7,3,3,50,1,6,360
0,7,3,2,30,1,8,640
1,7,2,2,70,2,5,800
1,7,1,3,64,1,2,120
1,7,4,2,1,2,2,320
1,7,3,3,88,1,9,540
0,7,4,2,1,2,3,480
1,7,4,3,1,1,3,180
1,7,4,3,1,1,1,60
1,7,2,3,71,3,1,60
0,7,1,1,52,3,3,900
1,7,3,4,78,1,1,120
1,7,4,3,1,2,1,120
0,7,2,3,99,2,1,120
1,7,4,3,1,1,1,60
0,7,1,1,94,4,5,2000
1,7,3,2,37,1,1,80
1,7,4,2,1,2,4,640
1,7,4,3,1,1,4,240
1,7,4,2,1,1,4,320
1,7,4,3,1,1,1,60
0,7,3,2,100,1,2,160
1,7,4,3,1,1,1,60
0,7,3,3,83,2,1,120
1,7,1,1,29,2,1,100
0,7,3,3,40,1,2,120
1,7,3,3,36,1,1,60
1,7,3,3,4,1,1,60
0,7,4,1,1,4,1,400
1,7,4,3,1,1,2,120
1,7,2,3,80,1,1,60
0,7,2,3,85,1,1,60
1,7,1,1,73,2,1,200
0,7,3,1,22,3,1,300
1,7,2,3,49,1,2,120
0,7,1,1,69,2,2,400
1,7,1,3,88,3,1,180
0,7,1,2,39,1,3,240
1,7,4,2,1,1,1,80
0,7,4,2,1,1,1,80
1,7,4,3,1,2,1,60
0,7,4,3,1,3,1,180
1,7,2,3,79,2,2,240
1,7,3,2,29,1,1,80
0,7,3,2,3,2,1,160
1,7,2,2,10,1,1,80
1,7,1,3,39,1,7,420
1,7,4,2,1,1,4,320
0,7,4,1,1,1,11,1100
1,7,1,3,69,1,1,60
1,7,3,1,55,2,3,600
1,7,3,3,59,1,4,240
0,7,3,1,69,2,4,800
1,7,4,3,1,1,1,60
1,7,3,3,53,1,3,180
0,7,1,1,47,3,1,300
1,7,1,3,90,1,1,60
1,7,3,3,59,1,2,120
0,7,1,3,76,2,1,120
0,7,2,1,91,1,1,100
0,7,4,1,1,4,1,400
1,7,3,3,97,2,1,60
1,7,4,3,1,2,1,120
0,7,3,2,25,1,1,80
0,7,4,2,1,1,1,80
1,7,2,3,97,1,1,60
0,7,3,3,85,1,1,60
1,7,3,3,24,1,2,120
0,7,4,4,1,3,3,1080
1,7,2,1,86,1,1,100
1,7,2,2,44,2,1,160
0,7,4,2,1,2,1,160
1,7,3,3,5,1,1,60
0,7,4,4,1,1,5,600
1,7,2,2,69,2,1,80
1,7,4,3,1,3,3,540
0,7,3,3,58,1,3,180
1,7,3,3,91,1,1,60
1,7,2,2,58,1,1,80
1,7,1,4,76,2,1,240
0,7,4,2,1,1,4,320
1,7,3,3,36,1,2,120
1,7,4,1,1,1,1,100
0,7,4,1,1,1,1,100
1,7,4,3,1,2,1,60
1,7,3,3,69,1,2,120
0,7,4,2,1,3,5,1200
1,7,1,3,52,1,1,60
0,7,3,3,95,1,1,60
0,7,4,3,1,2,1,120
0,7,4,2,1,2,1,160
1,7,1,3,89,1,1,60
0,7,3,1,37,5,3,1500
1,7,3,3,50,1,1,60
0,7,4,3,1,3,1,180
1,7,1,1,75,1,1,100
0,7,4,2,1,2,1,160
1,7,1,2,13,3,1,80
1,7,2,2,57,1,1,80
0,7,2,4,29,2,2,480
1,7,3,3,47,1,1,60
0,7,4,2,1,1,1,80
1,7,4,1,1,1,1,100
0,7,4,3,1,1,3,180
1,7,3,3,4,3,3,540
1,7,3,1,88,1,1,100
0,7,3,1,21,2,1,200
1,7,1,1,34,1,1,100
1,7,3,1,45,4,3,1200
1,7,1,3,10,2,1,120
0,7,3,3,40,2,1,60
1,8,2,2,47,1,1,80
0,8,3,4,96,3,2,720
1,8,4,3,1,1,1,60
0,8,4,3,1,1,2,120
1,8,1,2,46,1,1,80
0,8,3,3,45,2,1,120
0,8,2,2,78,2,5,800
1,8,1,2,15,1,1,80
1,8,4,2,1,1,1,80
0,8,3,1,18,1,2,200
1,8,4,4,1,1,1,120
1,8,1,2,56,3,1,80
0,8,4,1,1,2,1,200
0,8,4,3,1,4,5,1200
0,8,2,2,22,3,1,240
0,8,3,3,52,1,1,60
1,8,4,4,1,2,1,240
1,8,4,1,1,2,1,200
1,8,4,2,1,1,1,80
0,8,1,2,9,1,1,80
1,8,4,3,1,2,1,60
0,8,4,3,1,5,5,1500
1,8,3,3,75,1,2,120
1,8,2,2,92,1,1,80
0,8,4,1,1,2,2,400
1,8,2,3,59,2,1,120
1,8,4,3,1,1,1,60
1,8,1,3,84,1,1,60
0,8,4,4,1,2,2,480
1,8,4,3,1,1,2,120
1,8,1,3,96,3,4,720
0,8,3,3,34,1,1,60
1,8,1,3,18,1,1,60
0,8,2,2,30,3,1,240
1,8,2,3,8,2,1,60
1,8,4,2,1,1,1,80
0,8,3,4,60,3,1,360
1,8,3,2,6,1,2,160
1,8,1,3,95,2,2,240
0,8,4,2,1,3,2,480
1,8,3,2,35,1,1,80
1,8,2,3,50,1,1,60
0,8,4,1,1,2,4,800
1,8,4,3,1,1,1,60
1,8,1,3,51,1,1,60
0,8,4,3,1,1,1,60
1,8,4,3,1,2,1,120
1,8,3,1,50,1,1,100
1,8,2,3,54,1,1,60
0,8,3,1,67,1,3,300
1,8,1,3,18,2,1,60
0,8,2,2,34,3,3,720
1,8,3,3,89,1,1,60
0,8,1,1,64,2,1,200
1,8,4,1,1,2,1,200
0,8,3,2,30,5,4,1600
0,8,1,3,20,1,2,120
1,8,4,3,1,1,3,180
1,8,4,3,1,1,1,60
1,8,1,2,36,2,1,160
1,8,2,4,9,1,4,480
1,8,3,4,20,1,1,120
0,8,3,2,42,1,5,400
1,8,4,2,1,1,1,80
1,8,4,3,1,3,3,540
0,8,1,1,36,1,1,100
1,8,2,1,6,3,1,100
1,8,3,3,50,1,1,60
0,8,1,3,19,1,1,60
1,8,1,3,24,1,1,60
0,8,4,3,1,2,1,120
0,8,4,3,1,1,2,120
1,8,3,1,96,2,1,200
1,8,4,2,1,2,1,160
0,8,2,2,55,1,1,80
1,8,3,3,2,1,1,60
0,8,4,3,1,3,2,360
1,8,3,4,6,1,1,120
0,8,4,1,1,5,3,1500
1,8,2,3,71,1,1,60
1,8,1,3,23,1,2,120
0,8,2,3,86,2,1,120
1,8,4,2,1,1,1,80
1,8,1,3,19,1,3,180
0,8,3,4,85,3,1,360
1,8,3,3,54,2,1,60
0,8,3,3,37,1,4,240
0,8,3,2,78,2,1,160
1,8,4,3,1,1,4,240
1,8,4,2,1,1,2,160
1,8,1,3,2,2,1,120
0,8,4,2,1,5,4,1600
1,8,3,3,53,1,1,60
1,8,4,3,1,1,1,60
1,8,4,3,1,2,1,60
1,8,4,1,1,1,1,100
0,8,3,2,73,3,3,720
1,8,4,3,1,3,1,180
1,8,3,3,14,1,7,420
0,8,3,2,61,1,1,80
1,8,3,4,60,2,4,960
0,8,1,3,22,1,1,60
0,8,1,3,72,2,4,480
0,8,3,1,16,1,4,400
1,8,3,3,86,1,7,420
0,8,4,3,1,3,1,180
1,8,2,3,84,2,1,120
0,8,2,1,6,5,5,2500
1,8,2,3,29,1,1,60
1,8,2,3,6,1,1,60
0,8,2,2,8,1,1,80
1,8,1,3,63,1,2,120
0,8,1,3,23,1,2,120
1,8,2,3,17,1,1,60
0,8,1,2,23,2,4,640
1,8,1,3,34,1,1,60
1,8,2,3,45,2,1,60
0,8,4,1,1,1,1,100
1,8,4,2,1,1,1,80
1,8,4,4,1,1,1,120
1,8,1,3,6,1,1,60
1,9,4,2,1,1,12,960
1,9,2,3,52,1,3,180
0,9,3,1,54,5,3,1500
1,9,4,3,1,1,12,720
0,9,4,1,1,2,1,200
1,9,4,1,1,1,1,100
0,9,1,1,77,1,1,100
0,9,3,3,79,4,2,480
1,9,4,1,1,1,1,100
1,9,1,2,47,1,1,80
0,9,1,1,48,2,1,200
1,9,1,3,15,3,1,180
0,9,1,3,24,2,1,60
1,9,3,1,15,2,1,200
0,9,1,1,57,1,1,100
1,9,3,1,7,1,1,100
1,9,4,1,1,1,1,100
0,9,4,2,1,3,5,1200
1,9,4,4,1,1,1,120
1,9,3,1,76,1,1,100
1,9,2,1,96,1,1,100
0,9,3,3,56,1,2,120
1,9,4,3,1,2,1,120
1,9,3,1,53,1,1,100
0,9,2,1,33,2,1,200
1,9,4,3,1,1,1,60
1,9,3,3,40,2,1,60
0,9,1,1,31,1,1,100
1,9,3,3,16,1,1,60
0,9,2,1,12,2,5,1000
1,9,4,1,1,1,1,100
1,9,4,3,1,1,1,60
1,9,2,1,62,2,1,200
1,9,4,3,1,1,1,60
1,9,3,1,8,1,1,100
1,9,3,1,72,3,1,300
1,9,4,1,1,1,1,100
0,9,1,1,79,1,1,100
1,9,2,2,66,1,1,80
0,9,2,3,27,2,7,840
1,9,3,1,2,1,6,600
1,9,4,3,1,1,12,720
0,9,1,1,22,2,5,1000
1,9,1,3,73,1,6,360
0,9,3,1,3,1,5,500
0,9,4,3,1,2,5,600
0,9,4,3,1,3,4,720
1,9,3,4,37,1,1,120
1,9,2,3,10,1,5,300
0,9,4,3,1,3,1,180
1,9,2,3,95,2,1,120
1,9,1,2,26,2,1,160
1,9,2,3,46,1,2,120
0,9,4,1,1,3,1,300
1,9,3,3,72,1,3,180
1,9,4,3,1,1,5,300
0,9,1,2,53,1,1,80
1,9,1,3,9,1,1,60
0,9,1,3,99,3,2,360
1,9,4,3,1,2,1,60
1,9,4,3,1,1,2,120
0,9,1,3,28,1,3,180
1,9,1,3,29,1,2,120
0,9,2,3,64,2,1,120
1,9,3,3,60,1,1,60
1,9,3,3,24,2,1,120
1,9,3,4,58,2,2,480
0,9,1,1,83,1,1,100
1,9,2,3,96,1,1,60
0,9,1,3,26,1,1,60
1,9,1,3,84,2,4,480
1,9,3,2,31,1,2,160
0,9,2,3,78,3,2,360
1,9,1,2,74,1,2,160
0,9,3,3,42,1,1,60
1,9,3,3,74,3,6,1080
0,9,3,2,66,1,3,240
1,9,4,3,1,1,5,300
0,9,4,3,1,1,1,60
1,9,2,3,5,2,3,360
0,9,1,3,89,2,1,120
1,9,4,3,1,1,1,60
1,9,3,2,85,1,2,160
0,9,4,1,1,5,2,1000
1,9,2,3,83,2,1,120
1,9,4,2,1,3,1,80
0,9,1,3,61,1,1,60
1,9,3,3,68,1,1,60
1,9,2,3,48,1,7,420
1,9,3,3,73,2,1,120
0,9,4,3,1,1,1,60
0,9,1,4,13,3,2,720
1,9,4,3,1,1,2,120
1,9,1,3,16,1,3,180
0,9,2,3,55,1,7,420
1,9,1,1,97,1,1,100
1,9,4,3,1,2,1,60
0,9,1,1,6,4,5,2000
1,9,2,3,59,1,1,60
1,9,4,3,1,2,1,120
0,9,4,4,1,2,3,720
1,9,3,3,9,1,5,300
1,9,4,1,1,2,1,200
0,9,1,1,3,3,5,1500
1,9,4,2,1,3,1,240
1,9,4,1,1,1,1,100
0,9,4,2,1,1,1,80
1,9,2,3,23,3,1,60
1,9,4,4,1,1,2,240
0,9,1,1,43,2,3,600
1,9,3,3,13,1,4,240
0,9,4,4,1,1,1,120
1,9,1,3,69,1,3,180
1,9,4,3,1,1,2,120
0,9,2,3,42,1,1,60
0,9,3,3,68,1,3,180
1,9,4,1,1,1,1,100
0,9,2,2,41,2,1,160
1,9,3,3,48,1,1,60
0,9,1,1,39,3,4,1200
1,9,3,3,22,2,1,120
1,9,4,2,1,3,1,240
0,9,2,1,34,1,1,100
1,9,3,3,42,1,3,180
1,9,3,3,55,1,6,360
0,9,3,2,36,4,1,320
1,9,1,4,33,1,2,240
1,9,2,3,82,1,8,480
0,9,4,3,1,1,1,60
1,9,2,3,48,1,8,480
0,9,1,1,18,2,1,100
1,9,3,3,97,3,5,900
0,9,4,3,1,2,4,480
1,9,1,1,94,1,2,200
0,9,3,3,78,1,1,60
1,9,3,1,3,1,2,200
0,9,3,1,94,2,3,600
1,9,1,3,5,1,3,180
0,9,1,1,77,2,3,600
1,9,2,3,90,2,4,480
1,9,2,1,92,1,1,100
0,9,3,2,78,1,5,400
1,9,2,3,60,1,1,60
1,9,3,3,19,1,1,60
0,9,1,3,71,3,1,60
1,9,3,1,48,1,1,100
0,9,4,1,1,1,1,100
1,9,4,3,1,2,1,120
0,9,4,2,1,2,5,800
1,9,1,3,19,1,1,60
1,9,3,1,88,1,1,100
1,9,2,3,86,1,1,60
0,9,1,3,53,3,1,180
1,9,1,1,36,1,3,300
1,9,4,1,1,3,3,900
1,9,2,3,25,1,1,60
1,9,1,2,7,2,1,160
0,9,3,2,6,4,2,640
1,9,2,1,41,2,1,100
1,9,3,1,33,1,2,200
0,9,4,1,1,1,2,200
1,9,1,2,44,1,1,80
0,9,4,1,1,1,3,300
1,9,2,3,81,2,2,240
1,9,3,3,37,1,1,60
0,9,2,3,88,4,3,720
1,9,4,3,1,1,1,60
0,9,2,3,83,2,3,360
1,9,1,1,51,1,1,100
1,9,2,3,96,2,1,60
1,9,1,3,86,3,1,180
0,10,1,3,83,1,7,420
1,10,1,4,19,1,3,360
1,10,1,3,45,2,7,840
0,10,4,4,1,4,1,480
1,10,2,3,10,1,8,480
1,10,2,2,86,1,1,80
0,10,2,2,11,1,7,560
1,10,1,1,59,1,5,500
0,10,3,3,98,2,1,120
1,10,3,3,7,1,3,180
0,10,4,2,1,2,3,480
0,10,4,2,1,3,1,240
1,10,4,3,1,1,1,60
1,10,4,3,1,1,2,120
0,10,1,3,4,1,4,240
1,10,2,3,4,1,4,240
1,10,1,3,56,1,2,120
1,10,2,3,92,2,3,360
0,10,4,3,1,5,5,1500
1,10,4,2,1,1,1,80
0,10,2,3,97,3,1,60
1,10,4,4,1,1,3,360
0,10,2,2,70,1,2,160
0,10,3,2,6,2,1,160
1,10,2,3,41,1,2,120
1,10,2,2,27,1,1,80
0,10,3,1,76,1,1,100
1,10,1,3,26,2,1,120
1,10,3,3,68,1,1,60
0,10,4,2,1,3,2,480
1,10,2,3,63,1,2,120
0,10,3,2,61,3,3,720
1,10,2,2,88,1,1,80
1,10,3,2,3,2,1,80
0,10,1,1,82,2,3,600
1,10,3,2,68,1,2,160
0,10,3,3,5,1,1,60
0,10,3,1,99,2,1,200
1,10,4,1,1,3,1,300
0,10,4,3,1,1,1,60
1,10,3,1,67,3,1,100
0,10,3,2,33,2,1,160
1,10,3,2,3,1,1,80
1,10,2,2,42,1,1,80
0,10,4,3,1,2,1,120
1,10,4,2,1,1,1,80
1,10,4,2,1,2,1,160
1,10,2,3,16,1,1,60
1,10,3,1,72,1,2,200
1,10,4,4,1,1,4,480
0,10,3,4,14,2,2,480
1,10,3,3,27,1,7,420
1,10,4,3,1,2,2,240
0,10,4,2,1,1,2,160
1,10,3,3,8,1,1,60
0,10,3,1,2,5,3,1500
1,10,3,1,84,2,1,100
1,10,3,3,31,1,7,420
1,10,4,3,1,1,1,60
1,10,4,2,1,1,1,80
1,10,3,3,88,2,1,120
0,10,3,1,81,4,4,1600
0,10,3,2,74,1,1,80
1,10,2,2,75,3,1,80
0,10,2,1,31,2,1,200
1,10,1,3,40,1,2,120
0,10,3,4,5,3,2,720
1,10,3,2,73,1,1,80
0,10,1,3,40,5,4,1200
1,10,1,3,33,3,1,180
1,10,2,1,10,1,1,100
1,10,4,1,1,2,1,200
1,10,1,3,80,2,1,60
0,10,3,1,76,1,1,100
1,10,3,1,16,1,1,100
0,10,4,2,1,5,4,1600
1,10,1,1,90,1,1,100
1,10,3,1,39,1,3,300
1,10,2,1,91,3,1,100
1,10,4,3,1,1,1,60
1,10,1,1,58,1,1,100
1,10,4,1,1,2,1,200
0,10,4,2,1,2,5,800
0,10,3,3,46,1,4,240
1,10,1,3,58,1,1,60
1,10,4,1,1,1,1,100
1,10,4,1,1,3,1,100
1,10,3,1,84,1,1,100
0,10,3,4,53,3,2,720
1,10,2,1,78,2,2,400
1,10,3,3,17,1,1,60
1,10,1,1,26,1,1,100
0,10,3,1,76,2,1,200
1,10,4,1,1,2,1,100
1,10,2,1,56,1,1,100
1,10,2,3,44,1,1,60
1,10,1,1,21,3,1,300
0,10,3,3,46,4,5,1200
1,10,3,1,38,1,1,100
0,10,3,1,53,3,1,300
1,10,3,1,42,1,1,100
1,10,1,3,15,2,1,120
1,10,4,1,1,1,1,100
1,10,3,3,43,1,1,60
0,10,1,1,100,3,1,100
0,10,3,4,56,2,4,960
1,10,3,1,5,1,1,100
1,10,4,2,1,1,1,80
0,10,1,1,93,1,1,100
1,10,1,1,72,1,2,200
0,10,3,1,12,1,1,100
1,10,1,3,17,2,1,120
0,10,3,3,13,2,1,60
0,10,3,1,64,3,1,300
1,10,1,3,35,1,1,60
1,10,2,2,68,1,8,640
0,10,4,2,1,1,3,240
1,10,3,3,43,1,8,480
1,10,3,4,25,1,2,240
0,10,1,4,54,1,4,480
1,10,3,3,91,2,8,960
1,10,1,3,55,1,4,240
0,10,1,4,68,2,1,240
1,10,4,3,1,1,1,60
0,10,4,3,1,2,7,840
1,10,3,3,61,1,1,60
0,10,1,3,58,1,2,120
1,10,1,3,14,2,1,60
0,10,3,1,63,5,2,1000
1,10,3,3,10,1,1,60
1,10,4,3,1,1,1,60
0,10,2,1,52,2,2,400
1,10,3,2,13,3,2,480
1,10,2,3,87,3,1,60
0,10,4,3,1,2,1,120
1,10,2,3,12,1,1,60
1,10,4,3,1,2,1,60
0,10,1,3,67,5,5,1500
1,10,4,3,1,1,1,60
1,10,4,2,1,1,1,80
1,10,1,1,4,2,1,200
0,10,4,3,1,3,3,540
1,10,2,3,36,1,1,60
0,10,2,3,36,3,1,60
1,10,1,3,64,1,1,60
1,10,3,3,76,1,1,60
0,10,2,4,41,2,4,960
1,10,1,2,100,1,1,80
1,10,4,2,1,1,1,80
0,10,3,3,73,2,2,240
1,10,1,3,16,2,1,60
0,10,2,2,36,1,1,80
1,10,4,3,1,1,1,60
1,10,2,2,43,1,1,80
1,10,2,3,65,2,1,120
0,10,4,2,1,4,2,640
0,10,1,3,43,4,2,480
1,10,4,3,1,1,1,60
1,10,1,3,19,3,1,60
0,10,2,3,62,1,1,60
1,10,2,3,71,1,1,60
1,10,1,4,62,3,3,1080
0,10,3,4,41,3,2,720
1,10,1,3,83,1,1,60
0,10,2,3,65,1,2,120
0,10,4,1,1,2,1,200
1,10,4,3,1,2,1,120
1,10,3,1,96,3,1,300
1,10,3,3,90,1,3,180
1,10,3,3,84,2,1,60
1,10,2,2,90,1,7,560
0,10,1,2,95,2,1,160
0,10,4,4,1,2,2,480
1,10,1,3,30,1,1,60
0,10,3,3,100,1,5,300
1,10,3,3,63,2,7,840
0,10,4,4,1,4,2,960
1,10,1,3,42,1,3,180
1,10,4,3,1,1,3,180
0,10,3,3,85,3,1,60
0,10,1,3,58,2,1,120
1,10,3,3,30,1,1,60
1,10,1,2,94,1,4,320
0,10,2,2,12,3,3,720
1,10,4,3,1,1,2,120
0,10,4,3,1,1,2,120
1,10,4,1,1,2,1,200
1,10,3,3,53,1,1,60
0,10,1,3,24,2,1,60
1,10,3,3,47,1,1,60
0,10,4,3,1,4,1,240
1,10,4,3,1,3,1,180
0,10,1,2,25,3,3,720
0,10,1,3,4,2,1,120
1,10,4,3,1,1,1,60
1,10,3,4,47,2,1,240
0,10,3,1,92,1,1,100
0,10,1,1,80,4,2,800
1,10,3,1,79,2,1,200
0,10,4,1,1,2,2,400
1,10,3,1,82,1,1,100
0,10,4,1,1,1,2,200
0,10,3,3,91,1,5,300
1,10,4,1,1,1,1,100
1,10,4,1,1,1,3,300
1,10,4,3,1,3,1,60
0,10,1,1,2,4,2,800
1,10,2,3,79,1,1,60
1,10,4,3,1,2,1,120
1,10,1,3,42,3,1,180
1,10,1,3,15,2,1,60
0,10,3,3,62,2,1,120
1,10,3,2,47,1,1,80
0,10,3,3,79,1,1,60
0,10,2,3,18,1,4,240
1,11,1,3,33,1,1,60
1,11,2,3,16,2,1,120
0,11,4,2,1,1,2,160
1,11,2,2,80,1,1,80
1,11,4,3,1,1,5,300
0,11,3,1,61,5,2,1000
1,11,4,3,1,3,6,1080
1,11,3,2,90,1,1,80
0,11,3,1,76,1,1,100
1,11,4,1,1,3,1,100
0,11,1,3,99,2,5,600
0,11,4,1,1,1,1,100
0,11,3,2,20,4,5,1600
1,11,4,2,1,2,1,160
0,11,3,2,31,3,1,240
1,11,2,3,87,1,4,240
0,11,3,3,26,1,8,480
1,11,3,3,50,1,7,420
1,11,3,2,24,1,1,80
0,11,4,4,1,3,2,720
1,11,4,4,1,1,2,240
1,11,4,2,1,1,6,480
0,11,2,3,11,2,9,1080
1,11,2,3,41,2,1,120
1,11,3,2,74,1,1,80
0,11,1,4,78,1,4,480
1,11,1,3,36,1,1,60
1,11,4,3,1,1,5,300
0,11,3,1,70,2,1,200
1,11,4,3,1,2,1,60
0,11,1,3,86,1,1,60
1,11,3,3,70,1,1,60
0,11,4,1,1,4,5,2000
0,11,3,4,68,2,1,240
1,11,3,3,62,1,3,180
1,11,3,3,70,1,4,240
0,11,3,2,34,1,1,80
1,11,3,3,96,1,1,60
1,11,4,3,1,2,2,240
1,11,3,2,6,1,1,80
0,11,1,1,32,3,5,1500
1,11,1,3,11,3,1,180
1,11,1,3,31,1,1,60
0,11,4,3,1,3,1,180
1,11,1,3,49,2,1,120
0,11,2,3,99,3,1,60
1,11,4,1,1,1,4,400
1,11,1,2,14,1,3,240
0,11,2,3,60,2,5,600
1,11,1,3,41,1,1,60
0,11,1,3,100,1,2,120
1,11,3,3,5,1,4,240
1,11,2,4,84,1,1,120
1,11,3,3,17,2,1,120
0,11,2,3,9,2,4,480
1,11,3,3,88,1,4,240
1,11,1,2,5,1,1,80
0,11,4,2,1,2,1,80
1,11,2,3,63,1,3,180
1,11,1,3,39,1,3,180
1,11,4,3,1,1,3,180
0,11,3,4,69,2,2,480
0,11,2,1,8,1,1,100
0,11,4,3,1,2,3,360
1,11,3,3,61,1,1,60
1,11,1,1,3,3,1,300
1,11,2,3,81,1,1,60
1,11,1,2,78,1,1,80
1,11,4,3,1,1,2,120
0,11,3,2,50,2,4,640
0,11,3,4,91,2,3,720
1,11,2,3,7,1,2,120
1,11,3,3,8,1,2,120
1,11,3,3,32,1,2,120
0,11,2,1,3,3,1,300
1,11,4,3,1,1,2,120
1,11,3,3,54,2,1,120
0,11,4,2,1,3,3,720
1,11,1,4,68,1,3,360
1,11,2,3,76,1,2,120
0,11,3,3,3,1,1,60
1,11,4,3,1,1,3,180
1,11,3,2,74,1,3,240
0,11,4,1,1,2,4,800
1,11,3,3,47,1,3,180
1,11,3,2,87,2,1,160
1,11,2,3,65,2,1,120
1,11,4,3,1,3,1,60
0,11,2,3,66,1,1,60
1,11,3,1,21,2,1,200
1,11,2,3,69,1,1,60
0,11,1,1,49,5,2,1000
1,11,2,3,37,1,1,60
0,11,3,3,26,2,1,60
1,11,3,2,18,1,1,80
1,11,4,1,1,2,1,200
0,11,4,4,1,2,2,480
1,11,2,1,6,1,1,100
1,11,1,3,47,3,1,180
0,11,1,4,93,1,1,120
1,11,1,3,94,1,3,180
1,11,4,3,1,1,1,60
1,11,3,2,64,5,3,1200
1,11,3,3,14,3,1,60
0,11,4,3,1,1,1,60
1,11,2,1,22,1,5,500
1,11,2,2,41,1,2,160
0,11,1,4,9,2,2,480
1,11,1,4,94,1,2,240
1,11,3,3,85,2,3,360
0,11,3,2,11,3,1,240
1,11,1,3,68,1,2,120
1,11,3,1,52,1,1,100
0,11,4,2,1,2,2,320
1,11,4,3,1,1,1,60
1,11,4,3,1,1,1,60
0,11,3,3,92,5,4,1200
1,11,3,3,74,1,1,60
1,11,1,3,52,2,1,60
0,11,4,3,1,1,1,60
1,11,4,3,1,1,1,60
1,11,3,4,40,3,2,720
0,11,1,2,57,1,4,320
1,11,1,4,42,2,1,240
0,11,3,1,64,2,3,600
1,11,3,3,16,1,1,60
1,11,1,3,18,1,2,120
1,11,4,2,1,1,1,80
0,11,4,2,1,2,2,320
1,11,3,3,57,3,1,60
1,11,4,2,1,1,1,80
1,11,1,1,19,1,1,100
0,11,3,3,7,2,1,120
1,11,1,3,73,2,1,120
0,11,4,2,1,1,1,80
1,11,2,2,29,1,1,80
0,11,1,2,86,2,2,320
1,11,4,3,1,1,3,180
1,11,1,2,39,2,1,80
1,11,3,3,6,1,1,60
1,11,2,3,27,2,2,240
1,11,2,3,67,1,1,60
1,11,3,3,85,1,1,60
1,11,1,1,34,1,1,100
0,11,3,3,66,2,2,240
1,11,2,3,3,1,3,180
1,11,3,1,56,1,2,200
0,11,4,2,1,3,1,240
1,11,3,2,56,1,1,80
0,11,2,2,66,3,3,720
1,11,4,3,1,1,1,60
1,11,2,3,70,3,1,60
1,11,3,1,71,1,1,100
1,11,1,2,78,3,1,240
0,11,1,2,38,2,4,640
0,11,4,4,1,1,5,600
1,11,2,3,48,1,1,60
1,12,3,3,80,2,1,120
0,12,4,2,1,1,1,80
1,12,4,3,1,1,1,60
0,12,4,3,1,4,3,720
1,12,4,2,1,1,3,240
0,12,4,3,1,2,1,60
1,12,1,1,73,1,1,100
1,12,1,3,41,2,1,120
0,12,4,3,1,2,6,720
1,12,4,3,1,1,7,420
0,12,1,3,92,5,2,600
1,12,4,4,1,1,5,600
0,12,3,3,91,2,1,120
1,12,4,3,1,1,3,180
1,12,3,2,14,1,1,80
1,12,3,3,23,1,1,60
0,12,4,1,1,2,3,600
1,12,3,3,22,2,1,120
1,12,4,4,1,1,3,360
1,12,2,1,9,1,5,500
0,12,3,3,15,2,5,600
1,12,1,2,32,1,2,160
1,12,3,3,93,3,1,60
1,12,4,4,1,1,4,480
0,12,4,2,1,1,2,160
1,12,3,1,6,1,2,200
1,12,1,3,92,3,2,360
1,12,4,3,1,2,2,240
1,12,4,3,1,1,1,60
0,12,3,3,48,2,1,120
1,12,1,3,48,1,1,60
0,12,4,4,1,2,2,480
1,12,4,3,1,2,1,60
1,12,4,3,1,1,1,60
0,12,3,3,66,1,1,60
1,12,2,3,88,1,1,60
1,12,2,1,32,2,1,200
0,12,4,2,1,2,4,640
0,12,3,3,45,1,1,60
1,12,1,2,42,1,1,80
1,12,2,1,33,3,1,100
0,12,4,1,1,3,1,300
1,12,1,3,65,1,1,60
1,12,4,3,1,1,2,120
1,12,2,1,93,2,7,1400
0,12,3,2,61,1,1,80
1,12,3,3,99,1,1,60
1,12,2,2,79,2,6,960
1,12,3,3,16,1,2,120
0,12,2,1,97,2,2,400
1,12,3,3,38,2,1,60
0,12,3,4,17,1,2,240
1,12,2,3,98,1,1,60
0,12,4,3,1,1,5,300
1,12,1,1,53,1,2,200
0,12,3,2,21,2,1,160
1,12,3,2,26,3,2,480
1,12,1,3,54,2,1,120
1,12,4,3,1,2,3,360
1,12,4,3,1,1,1,60
1,12,4,3,1,1,1,60
0,12,1,4,40,4,2,960
1,12,4,2,1,1,1,80
1,12,4,3,1,1,1,60
0,12,3,3,32,1,3,180
1,12,1,3,22,2,1,120
1,12,3,2,48,2,3,480
1,12,3,3,45,1,3,180
0,12,2,3,59,1,2,120
1,12,3,1,57,3,1,100
1,12,1,2,80,1,1,80
1,12,2,3,93,1,1,60
0,12,4,1,1,4,5,2000
1,12,4,4,1,1,1,120
1,12,3,2,92,1,1,80
1,12,3,1,76,2,1,200
0,12,3,1,41,4,4,1600
0,12,3,2,76,1,1,80
1,12,1,2,98,4,5,1600
1,12,4,3,1,1,1,60
1,12,3,3,57,1,2,120
0,12,4,3,1,2,1,120
1,12,2,3,92,1,2,120
1,12,1,3,78,1,2,120
0,12,2,4,12,2,4,960
1,12,4,1,1,1,1,100
1,12,1,3,18,3,1,180
1,12,4,2,1,3,3,720
1,12,4,3,1,1,1,60
1,12,1,4,2,1,2,240
1,12,3,2,25,2,1,160
0,12,4,1,1,3,1,300
1,12,1,3,45,1,1,60
0,12,3,1,47,1,1,100
1,12,3,3,24,2,1,120
1,12,4,4,1,1,1,120
1,12,3,3,34,3,1,60
0,12,2,3,54,1,1,60
1,12,3,1,85,1,1,100
0,12,3,4,32,2,4,960
1,12,1,1,59,1,1,100
0,12,3,1,95,3,2,600
1,12,2,2,10,1,1,80
1,12,2,3,73,1,1,60
0,12,4,2,1,2,1,80
1,12,2,3,48,1,4,240
1,12,1,2,9,1,2,160
1,12,3,3,91,2,2,240
1,12,3,3,56,1,2,120
1,12,2,3,99,1,2,120
0,12,4,3,1,1,5,300
0,12,4,1,1,2,1,200
1,12,1,2,73,1,1,80
1,12,4,4,1,1,2,240
1,12,1,4,93,1,1,120
1,12,1,2,98,1,1,80
0,12,4,2,1,2,5,800
1,12,1,2,39,1,1,80
1,12,3,1,73,2,1,200
0,12,4,1,1,3,2,600
1,12,3,2,10,1,3,240
1,12,1,1,86,1,2,200
0,12,2,1,66,2,2,400
1,12,3,2,52,1,1,80
1,12,3,2,33,1,1,80
0,12,4,1,1,1,3,300
1,12,2,2,73,2,2,320
0,12,3,1,59,2,1,200
1,12,3,2,54,2,1,160
0,12,2,2,32,3,1,80
1,12,2,2,65,1,1,80
1,1,1,3,56,1,7,420
1,1,4,2,1,2,1,80
1,1,1,2,67,3,1,240
0,1,1,3,18,4,5,1200
1,1,4,4,1,1,2,240
1,1,3,2,66,1,1,80
0,1,3,2,95,2,1,160
1,1,1,3,77,1,3,180
0,1,2,1,24,4,4,1600
1,1,3,3,39,1,1,60
1,1,4,2,1,1,5,400
1,1,4,3,1,1,1,60
1,1,3,1,80,1,3,300
0,1,1,4,7,3,2,720
0,1,3,2,20,2,1,160
1,1,1,3,30,1,1,60
0,1,3,3,11,3,1,60
1,1,4,2,1,1,1,80
1,1,3,4,20,2,2,480
1,1,4,2,1,1,1,80
1,1,3,1,68,1,1,100
0,1,2,3,70,2,5,600
1,1,3,1,38,1,2,200
0,1,4,3,1,1,2,120
1,1,4,2,1,1,1,80
1,1,3,2,82,1,1,80
0,1,1,3,83,4,2,480
1,1,3,1,14,1,1,100
0,1,1,2,37,2,1,160
1,1,3,2,24,2,1,80
1,1,1,3,43,1,2,120
0,1,4,3,1,4,3,720
1,1,1,1,86,2,1,200
1,1,3,1,21,1,1,100
0,1,1,2,59,1,1,80
0,1,2,1,15,1,3,300
1,1,4,2,1,1,1,80
1,1,2,3,91,1,3,180
0,1,2,1,97,3,4,1200
1,1,1,3,17,1,4,240
0,1,1,1,51,1,1,100
1,1,1,3,56,2,4,480
1,1,1,1,30,3,1,100
1,1,4,1,1,3,1,300
0,1,4,3,1,1,3,180
1,1,4,2,1,1,2,160
1,1,4,2,1,1,1,80
1,1,3,2,90,1,2,160
0,1,1,1,11,2,5,1000
1,1,1,3,41,1,1,60
1,1,2,4,21,1,1,120
0,1,4,3,1,2,1,120
1,1,4,3,1,1,2,120
1,1,4,3,1,1,2,120
1,1,1,1,90,2,1,200
0,1,3,2,2,3,1,240
1,1,3,1,10,1,1,100
1,1,1,3,5,1,2,120
0,1,3,3,28,4,1,240
1,1,3,3,80,3,1,60
1,1,4,1,1,1,1,100
1,1,3,3,7,2,1,120
0,1,4,3,1,3,4,720
1,1,1,4,49,1,1,120
0,1,4,2,1,1,2,160
1,1,4,4,1,1,1,120
0,1,4,3,1,1,2,120
1,1,4,4,1,1,1,120
1,1,3,3,89,3,1,180
0,1,1,2,5,3,3,720
1,1,3,4,6,1,1,120
1,1,4,2,1,2,1,160
0,1,1,3,99,1,2,120
1,1,3,3,38,1,3,180
0,1,3,4,35,1,2,240
1,1,3,3,19,1,1,60
1,1,1,2,69,1,1,80
0,1,3,2,46,2,2,320
1,1,2,2,25,2,1,80
1,1,2,3,13,1,3,180
1,1,1,2,99,2,1,160
1,1,1,2,100,2,1,160
1,1,1,1,78,1,1,100
0,1,3,2,98,1,1,80
1,1,1,1,69,1,2,200
1,1,3,1,26,1,1,100
1,1,3,3,80,1,5,300
0,1,4,2,1,1,4,320
1,1,1,1,9,2,2,400
1,1,4,2,1,1,1,80
0,1,1,1,36,4,3,1200
1,1,3,3,97,1,5,300
1,1,2,2,47,3,1,80
1,1,2,3,10,1,1,60
1,1,3,1,61,2,1,200
0,1,4,1,1,2,1,200
1,1,3,2,25,1,3,240
1,1,2,1,95,1,1,100
0,1,3,4,17,2,1,240
1,1,4,2,1,3,1,240
1,1,1,1,5,1,1,100
0,1,4,1,1,2,1,100
0,1,2,1,10,1,1,100
1,1,2,2,30,1,1,80
1,1,1,2,81,2,1,160
1,1,1,2,73,3,1,240
1,1,3,3,24,1,2,120
0,1,3,1,12,3,1,300
1,1,2,2,98,1,1,80
0,1,1,3,80,3,3,540
1,1,3,3,71,1,2,120
1,1,4,2,1,1,1,80
1,1,1,3,100,2,2,240
1,1,3,3,97,3,1,60
1,1,2,3,65,1,1,60
0,1,4,1,1,2,5,1000
1,1,3,1,84,1,1,100
1,1,1,2,9,1,1,80
0,1,1,3,76,1,1,60
1,1,3,1,55,1,1,100
1,1,4,2,1,2,1,160
0,1,3,1,39,2,3,600
1,1,1,3,35,1,1,60
1,1,4,2,1,1,1,80
1,1,4,2,1,3,1,240
0,1,3,2,92,2,3,480
1,1,2,2,53,2,1,80
1,1,1,3,99,1,1,60
0,1,4,4,1,1,4,480
1,1,4,4,1,1,1,120
0,1,4,1,1,1,2,200
1,1,4,3,1,1,4,240
1,1,4,3,1,2,4,480
1,1,3,3,24,1,5,300
0,1,4,2,1,2,1,160
1,1,4,3,1,1,1,60
1,1,1,1,4,1,2,200
0,1,2,3,80,3,1,180
1,1,2,1,53,1,1,100
1,1,1,4,70,1,3,360
0,1,3,1,64,3,1,100
1,1,4,1,1,1,1,100
1,1,2,1,40,1,1,100
1,1,1,3,85,2,3,360
0,1,1,4,42,2,4,960
1,1,3,2,74,1,1,80
1,1,3,1,93,1,1,100
0,1,1,1,55,1,1,100
0,1,4,1,1,1,2,200
1,1,1,3,20,1,1,60
1,1,4,3,1,3,2,360
1,1,3,2,12,1,1,80
1,1,1,3,63,1,4,240
1,1,1,3,100,1,1,60
0,1,4,2,1,2,1,80
0,1,1,1,50,2,2,400
1,1,2,3,88,1,6,360
0,1,4,4,1,3,2,720
1,1,3,1,100,2,6,1200
1,1,3,3,69,1,1,60
1,1,1,1,56,1,1,100
0,1,3,1,12,1,1,100
1,1,2,1,49,1,2,200
1,1,4,2,1,1,1,80
0,1,3,4,40,1,4,480
1,1,1,2,92,1,1,80
1,1,3,1,74,2,3,600
0,1,4,3,1,1,2,120
1,1,3,1,80,3,1,300
1,1,4,2,1,1,1,80
1,1,3,2,49,2,5,800
1,1,1,2,35,3,1,80
1,1,3,2,24,1,1,80
1,1,4,1,1,2,1,200
0,1,4,1,1,2,1,200
1,1,4,4,1,1,1,120
1,1,4,3,1,1,1,60
0,1,2,1,4,3,3,900
1,1,4,2,1,1,2,160
1,1,3,3,12,2,1,120
0,1,3,2,27,3,1,240
1,1,3,3,98,1,1,60
1,1,4,3,1,2,1,60
0,1,4,2,1,2,2,320
1,1,3,3,53,1,1,60
1,1,3,1,90,1,2,200
0,1,4,1,1,5,1,500
1,1,3,3,8,1,2,120
1,1,2,2,34,1,3,240
1,1,4,2,1,1,3,240
1,1,4,2,1,2,3,480
0,1,3,3,2,2,4,480
1,1,3,2,53,1,2,160
1,1,4,1,1,1,2,200
0,1,1,2,51,1,1,80
1,1,2,2,4,1,3,240
1,1,2,2,68,1,2,160
1,1,3,4,74,3,2,720
1,1,4,2,1,3,1,240
1,1,4,3,1,1,3,180
0,1,1,1,95,1,2,200
1,1,1,3,45,1,1,60
